{
  "ageDistribution": {
    "0-9": 0.12000352226786244,
    "10-19": 0.12789140169152302,
    "20-29": 0.13925591490202294,
    "30-39": 0.13494837840437718,
    "40-49": 0.12189750709881776,
    "50-59": 0.12724996876233477,
    "60-69": 0.11627753700377463,
    "70-79": 0.07275651094407701,
    "80+": 0.03971925892521024
  },
  "importsPerDay": [
    0.011111111111111112,
    0.011111111111111112,
    0.011111111111111112,
    0.011111111111111112,
    0.011111111111111112,
    0.011111111111111112,
    0.011111111111111112,
    0.011111111111111112,
    0.011111111111111112
  ],
  "timeDelta": 0,
  "timeDeltaDays": 0,
  "frac": {
    "severe": [
      0.0005,
      0.0015,
      0.003,
      0.0045,
      0.012,
      0.025,
      0.075,
      0.13999999999999999,
      0.25
    ],
    "critical": [
      0.000025,
      0.00015000000000000001,
      0.00030000000000000003,
      0.0006749999999999999,
      0.0024000000000000002,
      0.00625,
      0.02625,
      0.063,
      0.1375
    ],
    "fatal": [
      0.0000075,
      0.000045,
      0.00009,
      0.00020249999999999996,
      0.00072,
      0.0025000000000000005,
      0.0105,
      0.0315,
      0.06875
    ],
    "isolated": [
      0.05,
      0.05,
      0.05,
      0.05,
      0.05,
      0.05,
      0.05,
      0.05,
      0.05
    ]
  },
  "rate": {
    "latency": 0.3333333333333333,
    "recovery": [
      0.33316666666666667,
      0.33283333333333337,
      0.3323333333333333,
      0.33183333333333337,
      0.3293333333333333,
      0.325,
      0.30833333333333335,
      0.2866666666666667,
      0.25
    ],
    "severe": [
      0.00016666666666666666,
      0.0005,
      0.001,
      0.0014999999999999998,
      0.004,
      0.008333333333333333,
      0.024999999999999998,
      0.04666666666666666,
      0.08333333333333333
    ],
    "discharge": [
      0.31666666666666665,
      0.3,
      0.3,
      0.2833333333333333,
      0.26666666666666666,
      0.25,
      0.21666666666666667,
      0.18333333333333335,
      0.15
    ],
    "critical": [
      0.016666666666666666,
      0.03333333333333333,
      0.03333333333333333,
      0.049999999999999996,
      0.06666666666666667,
      0.08333333333333333,
      0.11666666666666665,
      0.15,
      0.18333333333333335
    ],
    "stabilize": [
      0.049999999999999996,
      0.049999999999999996,
      0.049999999999999996,
      0.049999999999999996,
      0.049999999999999996,
      0.04285714285714286,
      0.04285714285714286,
      0.03571428571428571,
      0.03571428571428571
    ],
    "fatality": [
      0.02142857142857143,
      0.02142857142857143,
      0.02142857142857143,
      0.02142857142857143,
      0.02142857142857143,
      0.028571428571428574,
      0.028571428571428574,
      0.03571428571428571,
      0.03571428571428571
    ],
    "overflowFatality": [
      0.04285714285714286,
      0.04285714285714286,
      0.04285714285714286,
      0.04285714285714286,
      0.04285714285714286,
      0.05714285714285715,
      0.05714285714285715,
      0.07142857142857142,
      0.07142857142857142
    ]
  },
  "populationServed": 327167434,
  "numberStochasticRuns": 0,
  "hospitalBeds": 7982880000,
  "ICUBeds": 494990000
}